{"cameraMode":{"drawMode":0,"name":"Shaded","section":"Shading Mode"},"sceneLighting":true,"audioPlay":false,"sceneViewState":{"m_AlwaysRefresh":false,"showFog":true,"showSkybox":true,"showFlares":true,"showImageEffects":true,"showParticleSystems":true,"showVisualEffectGraphs":true,"m_FxEnabled":true},"in2DMode":false,"pivot":{"x":13.06209945678711,"y":8.837634086608887,"z":-18.086156845092775},"rotation":{"x":0.13387858867645265,"y":-0.6478495597839356,"z":0.11712589114904404,"w":0.7408920526504517},"size":0.5829225778579712,"orthographic":false}